{"原创": 267, "漫画改": 483, "小说改": 222, "游戏改": 119, "特摄": 55, "布袋戏": 4, "热血": 697, "穿越": 160, "奇幻": 1001, "战斗": 578, "搞笑": 455, "日常": 664, "科幻": 703, "萌系": 400, "治愈": 352, "校园": 341, "少儿": 278, "泡面": 148, "恋爱": 212, "少女": 230, "魔法": 135, "冒险": 490, "历史": 66, "架空": 283, "机战": 167, "神魔": 64, "声控": 119, "运动": 157, "励志": 113, "音乐": 123, "推理": 78, "社团": 95, "智斗": 96, "催泪": 74, "美食": 42, "偶像": 89, "乙女": 55, "职场": 48}